<?xml version="1.0"?>
<!--<!DOCTYPE metadata SYSTEM "http://www.esri.com/metadata/esriprof80.dtd">-->
<metadata xml:lang="en"><Esri><CreaDate>20101110</CreaDate><CreaTime>12590400</CreaTime><SyncOnce>FALSE</SyncOnce><MetaID>{8D45A11A-278B-46F9-BBE1-9A8667351229}</MetaID><SyncDate>20101115</SyncDate><SyncTime>10443400</SyncTime><ModDate>20101115</ModDate><ModTime>10443400</ModTime><DataProperties><lineage><Process ToolSource="C:\Program Files\ArcGIS\ArcToolbox\Toolboxes\Conversion Tools.tbx\FeatureClassToFeatureClass" Date="20101115" Time="091202">FeatureClassToFeatureClass C:\Personal\aGISfromEdrive\MRD126project\WorkingFILES\MRD126rev2\zztempBase\PROVINCE.shp C:\Personal\aGISfromEdrive\MRD126project\WorkingFILES\MRD126rev2\Geodatabase\testBaseTemplate.gdb\BASE_DATA PROVINCE # "OBJECT_ID 'OBJECT_ID' true true false 13 Double 0 13 ,First,#,C:\Personal\aGISfromEdrive\MRD126project\WorkingFILES\MRD126rev2\zztempBase\PROVINCE.shp,OBJECT_ID,-1,-1;DESCR 'DESCR' true true false 75 Text 0 0 ,First,#,C:\Personal\aGISfromEdrive\MRD126project\WorkingFILES\MRD126rev2\zztempBase\PROVINCE.shp,DESCR,-1,-1;GUT_NUMBER 'GUT_NUMBER' true true false 7 Long 0 7 ,First,#,C:\Personal\aGISfromEdrive\MRD126project\WorkingFILES\MRD126rev2\zztempBase\PROVINCE.shp,GUT_NUMBER,-1,-1;LABEL 'LABEL' true true false 75 Text 0 0 ,First,#,C:\Personal\aGISfromEdrive\MRD126project\WorkingFILES\MRD126rev2\zztempBase\PROVINCE.shp,LABEL,-1,-1;NAME 'NAME' true true false 75 Text 0 0 ,First,#,C:\Personal\aGISfromEdrive\MRD126project\WorkingFILES\MRD126rev2\zztempBase\PROVINCE.shp,NAME,-1,-1;VERISTT_FL 'VERISTT_FL' true true false 10 Text 0 0 ,First,#,C:\Personal\aGISfromEdrive\MRD126project\WorkingFILES\MRD126rev2\zztempBase\PROVINCE.shp,VERISTT_FL,-1,-1;VERISTT_DT 'VERISTT_DT' true true false 10 Text 0 0 ,First,#,C:\Personal\aGISfromEdrive\MRD126project\WorkingFILES\MRD126rev2\zztempBase\PROVINCE.shp,VERISTT_DT,-1,-1;BUSEFFDTFL 'BUSEFFDTFL' true true false 10 Text 0 0 ,First,#,C:\Personal\aGISfromEdrive\MRD126project\WorkingFILES\MRD126rev2\zztempBase\PROVINCE.shp,BUSEFFDTFL,-1,-1;BUS_EFF_DT 'BUS_EFF_DT' true true false 10 Text 0 0 ,First,#,C:\Personal\aGISfromEdrive\MRD126project\WorkingFILES\MRD126rev2\zztempBase\PROVINCE.shp,BUS_EFF_DT,-1,-1;ACCURACY 'ACCURACY' true true false 25 Text 0 0 ,First,#,C:\Personal\aGISfromEdrive\MRD126project\WorkingFILES\MRD126rev2\zztempBase\PROVINCE.shp,ACCURACY,-1,-1;SENS_CLASS 'SENS_CLASS' true true false 15 Text 0 0 ,First,#,C:\Personal\aGISfromEdrive\MRD126project\WorkingFILES\MRD126rev2\zztempBase\PROVINCE.shp,SENS_CLASS,-1,-1;SENS_DATE 'SENS_DATE' true true false 10 Text 0 0 ,First,#,C:\Personal\aGISfromEdrive\MRD126project\WorkingFILES\MRD126rev2\zztempBase\PROVINCE.shp,SENS_DATE,-1,-1;SENS_RAT 'SENS_RAT' true true false 50 Text 0 0 ,First,#,C:\Personal\aGISfromEdrive\MRD126project\WorkingFILES\MRD126rev2\zztempBase\PROVINCE.shp,SENS_RAT,-1,-1;SENS_DESCR 'SENS_DESCR' true true false 250 Text 0 0 ,First,#,C:\Personal\aGISfromEdrive\MRD126project\WorkingFILES\MRD126rev2\zztempBase\PROVINCE.shp,SENS_DESCR,-1,-1;SYS_AREA 'SYS_AREA' true true false 16 Double 3 15 ,First,#,C:\Personal\aGISfromEdrive\MRD126project\WorkingFILES\MRD126rev2\zztempBase\PROVINCE.shp,SYS_AREA,-1,-1;SYS_LENGTH 'SYS_LENGTH' true true false 16 Double 3 15 ,First,#,C:\Personal\aGISfromEdrive\MRD126project\WorkingFILES\MRD126rev2\zztempBase\PROVINCE.shp,SYS_LENGTH,-1,-1;USER_CALC 'USER_CALC' true true false 16 Double 3 15 ,First,#,C:\Personal\aGISfromEdrive\MRD126project\WorkingFILES\MRD126rev2\zztempBase\PROVINCE.shp,USER_CALC,-1,-1;GNL_CMT 'GNL_CMT' true true false 254 Text 0 0 ,First,#,C:\Personal\aGISfromEdrive\MRD126project\WorkingFILES\MRD126rev2\zztempBase\PROVINCE.shp,GNL_CMT,-1,-1;EFF_DATE 'EFF_DATE' true true false 10 Text 0 0 ,First,#,C:\Personal\aGISfromEdrive\MRD126project\WorkingFILES\MRD126rev2\zztempBase\PROVINCE.shp,EFF_DATE,-1,-1" # C:\Personal\aGISfromEdrive\MRD126project\WorkingFILES\MRD126rev2\Geodatabase\testBaseTemplate.gdb\BASE_DATA\PROVINCE</Process><Process ToolSource="C:\Program Files\ArcGIS\ArcToolbox\Toolboxes\Data Management Tools.tbx\CopyFeatures" Date="20101115" Time="104434">CopyFeatures C:\Personal\aGISfromEdrive\MRD126project\WorkingFILES\MRD126rev2\Geodatabase\testBaseTemplate.gdb\BASE_DATA\PROVINCE C:\Personal\aGISfromEdrive\MRD126project\WorkingFILES\MRD126rev2\ShapeFiles\Base\PROVINCE.shp # 0 0 0</Process></lineage></DataProperties></Esri><idinfo><citation><citeinfo><onlink Sync="TRUE">\\OND4C00563441\C\Personal\aGISfromEdrive\MRD126project\WorkingFILES\MRD126rev2\ShapeFiles\Base\PROVINCE.shp</onlink><origin>REQUIRED: The name of an organization or individual that developed the data set.</origin><pubdate>REQUIRED: The date when the data set is published or otherwise made available for release.</pubdate><title Sync="TRUE">PROVINCE</title><ftname Sync="TRUE">PROVINCE</ftname><geoform Sync="TRUE">vector digital data</geoform></citeinfo></citation><native Sync="TRUE">Microsoft Windows XP Version 5.1 (Build 2600) Service Pack 3; ESRI ArcCatalog 9.3.1.1850</native><descript><langdata Sync="TRUE">en</langdata><abstract>REQUIRED: A brief narrative summary of the data set.</abstract><purpose>REQUIRED: A summary of the intentions with which the data set was developed.</purpose></descript><timeperd><current>REQUIRED: The basis on which the time period of content information is determined.</current><timeinfo><sngdate><caldate>REQUIRED: The year (and optionally month, or month and day) for which the data set corresponds to the ground.</caldate></sngdate></timeinfo></timeperd><status><progress>REQUIRED: The state of the data set.</progress><update>REQUIRED: The frequency with which changes and additions are made to the data set after the initial data set is completed.</update></status><spdom><bounding><westbc Sync="TRUE">REQUIRED: Western-most coordinate of the limit of coverage expressed in longitude.</westbc><eastbc Sync="TRUE">REQUIRED: Eastern-most coordinate of the limit of coverage expressed in longitude.</eastbc><northbc Sync="TRUE">REQUIRED: Northern-most coordinate of the limit of coverage expressed in latitude.</northbc><southbc Sync="TRUE">REQUIRED: Southern-most coordinate of the limit of coverage expressed in latitude.</southbc></bounding></spdom><keywords><theme><themekt>REQUIRED: Reference to a formally registered thesaurus or a similar authoritative source of theme keywords.</themekt><themekey>REQUIRED: Common-use word or phrase used to describe the subject of the data set.</themekey></theme></keywords><accconst>REQUIRED: Restrictions and legal prerequisites for accessing the data set.</accconst><useconst>REQUIRED: Restrictions and legal prerequisites for using the data set after access is granted.</useconst><natvform Sync="TRUE">Shapefile</natvform></idinfo><distInfo><distributor><distorTran><onLineSrc><linkage Sync="TRUE">file://\\OND4C00563441\C\Personal\aGISfromEdrive\MRD126project\WorkingFILES\MRD126rev2\ShapeFiles\Base\PROVINCE.shp</linkage><protocol Sync="TRUE">Local Area Network</protocol><orDesc Sync="TRUE">002</orDesc></onLineSrc><transSize Sync="TRUE">0.000</transSize></distorTran><distorFormat><formatName Sync="TRUE">Shapefile</formatName></distorFormat></distributor></distInfo><dataqual><lineage><procstep><procdesc Sync="TRUE">Dataset copied.</procdesc><srcused Sync="TRUE">C:\Personal\aGISfromEdrive\MRD126project\WorkingFILES\MRD126rev2\zztempBase\Province\spatial\province\province</srcused><procdate Sync="TRUE">20101110</procdate><proctime Sync="TRUE">12590400</proctime></procstep></lineage></dataqual><dataIdInfo><envirDesc Sync="TRUE">Microsoft Windows XP Version 5.1 (Build 2600) Service Pack 3; ESRI ArcCatalog 9.3.1.1850</envirDesc><dataLang><languageCode Sync="TRUE" value="en"></languageCode></dataLang><idCitation><resTitle Sync="TRUE">PROVINCE</resTitle><presForm><PresFormCd Sync="TRUE" value="005"></PresFormCd></presForm></idCitation><spatRpType><SpatRepTypCd Sync="TRUE" value="001"></SpatRepTypCd></spatRpType></dataIdInfo><metainfo><langmeta Sync="TRUE">en</langmeta><metstdn Sync="TRUE">FGDC Content Standards for Digital Geospatial Metadata</metstdn><metstdv Sync="TRUE">FGDC-STD-001-1998</metstdv><mettc Sync="TRUE">local time</mettc><metc><cntinfo><cntorgp><cntper>REQUIRED: The person responsible for the metadata information.</cntper><cntorg>REQUIRED: The organization responsible for the metadata information.</cntorg></cntorgp><cntaddr><addrtype>REQUIRED: The mailing and/or physical address for the organization or individual.</addrtype><city>REQUIRED: The city of the address.</city><state>REQUIRED: The state or province of the address.</state><postal>REQUIRED: The ZIP or other postal code of the address.</postal></cntaddr><cntvoice>REQUIRED: The telephone number by which individuals can speak to the organization or individual.</cntvoice></cntinfo></metc><metd Sync="TRUE">20101115</metd><metextns><onlink Sync="TRUE">http://www.esri.com/metadata/esriprof80.html</onlink><metprof Sync="TRUE">ESRI Metadata Profile</metprof></metextns></metainfo><mdLang><languageCode Sync="TRUE" value="en"></languageCode></mdLang><mdStanName Sync="TRUE">ISO 19115 Geographic Information - Metadata</mdStanName><mdStanVer Sync="TRUE">DIS_ESRI1.0</mdStanVer><mdChar><CharSetCd Sync="TRUE" value="004"></CharSetCd></mdChar><mdHrLv><ScopeCd Sync="TRUE" value="005"></ScopeCd></mdHrLv><mdHrLvName Sync="TRUE">dataset</mdHrLvName><distinfo><resdesc Sync="TRUE">Downloadable Data</resdesc><stdorder><digform><digtinfo><transize Sync="TRUE">0.000</transize><dssize Sync="TRUE">0.000</dssize></digtinfo></digform></stdorder></distinfo><spdoinfo><direct Sync="TRUE">Vector</direct><ptvctinf><esriterm Name="PROVINCE"><efeatyp Sync="TRUE">Simple</efeatyp><efeageom Sync="TRUE">Polygon</efeageom><esritopo Sync="TRUE">FALSE</esritopo><efeacnt Sync="TRUE">0</efeacnt><spindex Sync="TRUE">FALSE</spindex><linrefer Sync="TRUE">FALSE</linrefer></esriterm><sdtsterm Name="PROVINCE"><sdtstype Sync="TRUE">G-polygon</sdtstype><ptvctcnt Sync="TRUE">0</ptvctcnt></sdtsterm></ptvctinf></spdoinfo><spref><horizsys><cordsysn><geogcsn Sync="TRUE">GCS_North_American_1983</geogcsn></cordsysn><geograph><geogunit Sync="TRUE">Decimal degrees</geogunit><latres Sync="TRUE">0.000000</latres><longres Sync="TRUE">0.000000</longres></geograph><geodetic><horizdn Sync="TRUE">North American Datum of 1983</horizdn><ellips Sync="TRUE">Geodetic Reference System 80</ellips><semiaxis Sync="TRUE">6378137.000000</semiaxis><denflat Sync="TRUE">298.257222</denflat></geodetic></horizsys><vertdef><altsys><altenc Sync="TRUE">Explicit elevation coordinate included with horizontal coordinates</altenc><altres Sync="TRUE">0.000100</altres></altsys></vertdef></spref><refSysInfo><RefSystem><refSysID><identCode Sync="TRUE">GCS_North_American_1983</identCode></refSysID></RefSystem></refSysInfo><spatRepInfo><VectSpatRep><topLvl><TopoLevCd Sync="TRUE" value="001"></TopoLevCd></topLvl><geometObjs Name="PROVINCE"><geoObjTyp><GeoObjTypCd Sync="TRUE" value="001"></GeoObjTypCd></geoObjTyp><geoObjCnt Sync="TRUE">0</geoObjCnt></geometObjs></VectSpatRep></spatRepInfo><eainfo><detailed Name="PROVINCE"><enttyp><enttypl Sync="TRUE">PROVINCE</enttypl><enttypt Sync="TRUE">Feature Class</enttypt><enttypc Sync="TRUE">0</enttypc></enttyp><attr><attrlabl Sync="TRUE">FID</attrlabl><attalias Sync="TRUE">FID</attalias><attrtype Sync="TRUE">OID</attrtype><attwidth Sync="TRUE">4</attwidth><atprecis Sync="TRUE">0</atprecis><attscale Sync="TRUE">0</attscale><attrdef Sync="TRUE">Internal feature number.</attrdef><attrdefs Sync="TRUE">ESRI</attrdefs><attrdomv><udom Sync="TRUE">Sequential unique whole numbers that are automatically generated.</udom></attrdomv></attr><attr><attrlabl Sync="TRUE">Shape</attrlabl><attalias Sync="TRUE">Shape</attalias><attrtype Sync="TRUE">Geometry</attrtype><attwidth Sync="TRUE">0</attwidth><atprecis Sync="TRUE">0</atprecis><attscale Sync="TRUE">0</attscale><attrdef Sync="TRUE">Feature geometry.</attrdef><attrdefs Sync="TRUE">ESRI</attrdefs><attrdomv><udom Sync="TRUE">Coordinates defining the features.</udom></attrdomv></attr><attr><attrlabl Sync="TRUE">OBJECT_ID</attrlabl><attalias Sync="TRUE">OBJECT_ID</attalias><attrtype Sync="TRUE">Float</attrtype><attwidth Sync="TRUE">19</attwidth><atnumdec Sync="TRUE">11</atnumdec></attr><attr><attrlabl Sync="TRUE">DESCR</attrlabl><attalias Sync="TRUE">DESCR</attalias><attrtype Sync="TRUE">String</attrtype><attwidth Sync="TRUE">75</attwidth></attr><attr><attrlabl Sync="TRUE">NAME</attrlabl><attalias Sync="TRUE">NAME</attalias><attrtype Sync="TRUE">String</attrtype><attwidth Sync="TRUE">75</attwidth></attr><attr><attrlabl Sync="TRUE">ACCURACY</attrlabl><attalias Sync="TRUE">ACCURACY</attalias><attrtype Sync="TRUE">String</attrtype><attwidth Sync="TRUE">25</attwidth></attr><attr><attrlabl Sync="TRUE">GNL_CMT</attrlabl><attalias Sync="TRUE">GNL_CMT</attalias><attrtype Sync="TRUE">String</attrtype><attwidth Sync="TRUE">254</attwidth></attr><attr><attrlabl Sync="TRUE">Shape_Leng</attrlabl><attalias Sync="TRUE">Shape_Leng</attalias><attrtype Sync="TRUE">Float</attrtype><attwidth Sync="TRUE">19</attwidth><atnumdec Sync="TRUE">11</atnumdec></attr><attr><attrlabl Sync="TRUE">Shape_Area</attrlabl><attalias Sync="TRUE">Shape_Area</attalias><attrtype Sync="TRUE">Float</attrtype><attwidth Sync="TRUE">19</attwidth><attrdef Sync="TRUE">Area of feature in internal units squared.</attrdef><attrdefs Sync="TRUE">ESRI</attrdefs><attrdomv><udom Sync="TRUE">Positive real numbers that are automatically generated.</udom></attrdomv><atnumdec Sync="TRUE">11</atnumdec></attr></detailed></eainfo><mdDateSt Sync="TRUE">20101115</mdDateSt></metadata>
